,topic_name,topic_num,topics_words
0,Безопасность продукта,0,"['раичихинскии', 'улмихалковскии', 'юлмалоохтинскии', 'захарьинскии', 'тимирязевскиига', 'якшурбодьинскии', 'улкомсомольскии', 'пякяхинскии', 'волчихинскии', 'екатерининскии', 'алмаатинскии', 'картебунинскии', 'сакрушинскии', 'вынгаяхинскии', 'калининскии', 'шелепихинскии', 'раичихинск', 'верхнеуральск', 'ангароилимскии', 'алтаесаянск', 'нежданинскии', 'алтуховкоманда', 'петелинскии', 'ульяновскнефть', 'уллуначарскии', 'ульяновскг', 'еманжелинск', 'тольяттинскии', 'заикинскии', 'улбурмакинскии', 'раичихнск', 'нижнемазинскии', 'устьудинскии', 'еаланшаков', 'халтуринскии', 'верхнеимбатск', 'гмосквадругии', 'качалинскии', 'ухтинскии', 'носовихинскии', 'ивакинскии', 'тортасинскии', 'сахасахалинскии', 'лаврушинскии', 'наталскиинскии', 'канскоачинскии', 'марушинскии', 'алтаесаянскии', 'лахтинскии', 'большеохтинскии']"
1,Безопасность продукта,1,"['банкекредитныи', 'кредитабанк', 'сахакредитбанк', 'банкомзаказать', 'банкечитатьчтыи', 'банкоматеть', 'банкепродолжать', 'юникредитбанк', 'аккредитивубанк', 'взысканиембанк', 'кредитбанк', 'банккредитныи', 'банкезадать', 'банкомдат', 'банкомзадать', 'банкоматед', 'банккакии', 'банкомвопрос', 'банкеюникредить', 'банкеличныи', 'банкукредитныи', 'банкебанк', 'банкекакии', 'банкомможныи', 'банковпополнять', 'банкеосновныи', 'банккак', 'втбновостибанк', 'банкоматкак', 'банкечитать', 'онлаинбанкекак', 'банккредит', 'втбонлаинбанк', 'банкакредитныи', 'банкеполучить', 'банкомобратныи', 'банкевыявление', 'банкереквизит', 'банкерасчтныи', 'банкакредит', 'банкоматыдлить', 'банковбез', 'банковрезидент', 'банкоматыважныи', 'банковдо', 'банковбанк', 'банковвыдача', 'банкуполучить', 'банкподробныи', 'банкбанк']"
2,Безопасность продукта,2,"['пон', 'гыд', 'ыд', 'тмм', 'ич', 'ек', 'жижа', 'атво', 'тпу', 'вата', 'поз', 'прикамье', 'сгрэс', 'тврдо', 'ильнур', 'цатод', 'крэ', 'щз', 'усотир', 'тз', 'азир', 'зма', 'наиль', 'окб', 'втбво', 'тн', 'ятэк', 'унрс', 'пмз', 'вап', 'тэ', 'снр', 'тсс', 'тш', 'врс', 'гро', 'хеис', 'тбс', 'слаис', 'нг', 'чмз', 'жа', 'кром', 'свф', 'сз', 'тц', 'мег', 'дамба', 'уомза', 'ечв']"
3,Биоразнообразие ,3,"['москвемосква', 'регионахсибирьо', 'улбурмакинскии', 'московскомуть', 'москваминск', 'москвереквизит', 'бурмакинскии', 'картебунинскии', 'москвабиржевои', 'якшурбодьинскии', 'новоширокинскии', 'москватмкямза', 'регионапир', 'метровбунинскии', 'областьмосква', 'дзержинскии', 'москворечье', 'московскоес', 'халтуринскии', 'москведомашнии', 'верхнеуральск', 'лаврушинскии', 'москвыльготныи', 'московскоибиржа', 'вынгаяхинскии', 'раичихинскии', 'москвывоити', 'гновоуральск', 'московск', 'улдегунинскии', 'москворецкии', 'нижневартовск', 'пякяхинскии', 'регионахдальнии', 'москвичка', 'сакрушинскии', 'бунинскии', 'волчихинскии', 'гкировск', 'марушинскии', 'регионаоказание', 'раичихинск', 'регионовсибирь', 'московскои', 'южносахалинск', 'москваприм', 'сахалинск', 'омутнинск', 'москвавыпуск', 'перервинскии']"
4,Биоразнообразие ,4,"['развитииновость', 'развитияпочесть', 'развитиеновость', 'развитиюкаким', 'развитиемкак', 'развитиявыход', 'подходосновныи', 'развитиивыберит', 'развитиедля', 'целеустремлнныи', 'развитиия', 'развитиемиссия', 'развитиеведение', 'развитияведение', 'развитиеоценка', 'целямразвитие', 'развитиизабота', 'развитиемвот', 'развитии', 'прибылиразвитие', 'развитиедоступ', 'разрабатывание', 'прогрессивность', 'целямрасширение', 'развитиякак', 'развитиюкомитет', 'развитиясобрать', 'развитиядоля', 'развитиячитать', 'прогрессдеректр', 'усвояемость', 'развитиючитать', 'развитию', 'развитиепринцип', 'развитиюбудущии', 'вовлечнность', 'развитияцель', 'развитияподход', 'развитияотчт', 'развитиеподход', 'развитиюцель', 'императивныи', 'развитиевидение', 'развитиецель', 'ростастабильныи', 'развитиякака', 'развитияохрана', 'дляреализация', 'развитиевместо', 'развитиеохрана']"
5,Биоразнообразие ,5,"['суммывнесение', 'суммыполучение', 'суммупополнять', 'взносамуплата', 'рубляхвыплата', 'счетазарплатныи', 'суммоикредить', 'суммыть', 'суммыпереть', 'вкладоввыплата', 'депозитусумма', 'суммуести', 'суммывременнои', 'валютерасчетныи', 'суммыпокрывать', 'суммыбанк', 'суммукакии', 'суммыподключить', 'взносаипотечныи', 'суммыить', 'рублеикредитныи', 'суммоиипотека', 'суммуможныи', 'счетевыплата', 'суммыот', 'офертывыплата', 'взносыкомиссия', 'суммеслимн', 'депозитавысокии', 'депозитаснятие', 'тарифовподбрать', 'депозитавыплата', 'счетазачислять', 'рубляхвтбвклад', 'выплатысумма', 'депозитарияучт', 'выплатанапример', 'депозитынуть', 'выплатыполучить', 'счетамдоход', 'рублеиоплатить', 'счетавыплата', 'остаткавыплата', 'платежаполучить', 'суммыкакать', 'выплатыпорядка', 'выплатсоздавать', 'депозитыдлить', 'тарифупроцент', 'выплатыести']"
6,Отходы,6,"['строикомбинат', 'строиплощадка', 'строиурал', 'строительство', 'стро', 'нестроительныи', 'строительбыть', 'строитель', 'строитара', 'строитех', 'строика', 'строипромсервис', 'строибаза', 'строительныига', 'строиотряд', 'топстроительныи', 'строитедьство', 'строенииместо', 'строирезерв', 'строительныи', 'строиинжиниринг', 'строительства', 'строительнои', 'строителеваюг', 'строикорпорация', 'строиресурс', 'построено', 'строииндустрия', 'строитэк', 'строиться', 'строителныи', 'заостроительныи', 'первостроитель', 'строи', 'строисиб', 'сооруженить', 'строиоптторг', 'здание', 'строиэксперт', 'бургасструктура', 'строиобъект', 'строиград', 'сооружению', 'строисервис', 'топработодатель', 'строидеталь', 'автостроитель', 'затруднять', 'строитрубосталь', 'строихолдинг']"
7,Энергия,7,"['годомобеспечить', 'летежегодныи', 'годомпочта', 'ежегоднаяинфция', 'ежегодно', 'год', 'годовыхупрощнно', 'годовыхвалюта', 'годовыхдыи', 'ежегодныи', 'ежегодноболее', 'годаудиторскии', 'годуежегодно', 'годести', 'годособыи', 'годовыхнужныи', 'годовыхкредить', 'ежегоднои', 'годичныи', 'годовыхполучать', 'годовыхота', 'годуть', 'годовыхставка', 'годовыхд', 'годовыхс', 'годовыхбыть', 'годстартовыи', 'годучитать', 'годовыхчтыи', 'годутренд', 'годовыхзанять', 'годовыхпо', 'годовыхчастныи', 'фссежегодныи', 'годаакционерныи', 'годовыхцель', 'годовых', 'годкакии', 'годовыхсумма', 'году', 'годовыхкак', 'годовыхна', 'годовыхакция', 'годминимальныи', 'годумлн', 'годооо', 'годовыхпроцент', 'годуо', 'годов', 'годбюлетень']"
8,Безопасность продукта,8,"['безопасностьва', 'безопасность', 'безопасноешаг', 'безопасностьня', 'безопасностить', 'ибезопасность', 'безопасностьвсе', 'безопасности', 'безопасностишаг', 'безопасностьпао', 'безопасностью', 'безопасностин', 'экобезопасность', 'безопасностиэта', 'рискудоходность', 'безопасностис', 'безопасноидлить', 'безопаснои', 'рискамидеиствие', 'услугбезопасно', 'безопасно', 'езопасность', 'безопасностикак', 'безопаснотить', 'рискдоходность', 'рискованность', 'опасность', 'безопаснывход', 'безопасныи', 'рискисокращать', 'безопасностикто', 'безопасноо', 'рискахоткрыть', 'безопастность', 'опасности', 'рисксобытие', 'рисковполучить', 'рисковвалютныи', 'рискиуход', 'безопаснолюбыи', 'небезопасно', 'рискампереити', 'рискимониторинг', 'рискпрофиль', 'рискамиотвечать', 'охрануокружать', 'рискаести', 'рискфактор', 'рисковчеткии', 'опасностеи']"
9,Безопасность продукта,9,"['мчкпплощадка', 'прсююмбик', 'подлокотник', 'гофрокоробка', 'ытыккюель', 'пвхтруба', 'топлякоподъмник', 'подпипник', 'стручковыи', 'лобненскии', 'пнгплощадка', 'сваезабивочныи', 'окатка', 'бугульминскии', 'сбпотраслевои', 'сколковоресепшн', 'подкарантинныи', 'тарноштучныи', 'рикотник', 'свртка', 'валкомпм', 'габричевскии', 'кранштабелера', 'сбытаначальник', 'сберегательныи', 'оноткитоискии', 'каучукамиров', 'пилокоротье', 'вареягскии', 'плкомсомольскии', 'верхненепскии', 'пчокурд', 'мавлеткулов', 'рубкешбэкдыи', 'опалубочныи', 'ткарудник', 'пермскиикр', 'пгплощадка', 'щткодержатель', 'костромич', 'бугровскии', 'кобрендовыи', 'родоначальник', 'ленскплощадка', 'краикурганскии', 'пестречинскии', 'сколковскии', 'пбсгрк', 'ларбаурким', 'пгкоробков']"
10,Безопасность продукта,10,"['оприходовать', 'счтпривязать', 'возводиться', 'курсприобретать', 'заведениеть', 'счтпередать', 'втбзадать', 'провозгласить', 'пришвартоваться', 'обеспечии', 'втбобратиться', 'втбпринять', 'приправлять', 'поручениемть', 'возводить', 'встречеприехать', 'уполномочить', 'зафрахтовать', 'залогать', 'втбперевести', 'проанкетировать', 'своявыбрать', 'доводиться', 'залогомполучить', 'обечпечивать', 'навестить', 'обращениюдать', 'втбполучать', 'преподнести', 'докопаться', 'преподносить', 'вэдполучить', 'втбполучить', 'развозиться', 'дооборудовать', 'предприятихнуть', 'докатиться', 'приносить', 'прилегать', 'втбвыбрать', 'залогаподходить', 'предпринять', 'соотноситься', 'претендовать', 'завозиться', 'заноситься', 'ютревелмить', 'втбпередать', 'поправить', 'присваиваться']"
11,Биоразнообразие ,11,"['регионунужныи', 'регионыучастник', 'областиосновныи', 'регионать', 'регионгазинвест', 'областьможныи', 'регионахцентро', 'собоикоммерциям', 'регионава', 'региональныи', 'регионаести', 'сеичасма', 'сеичасполныи', 'уполномоченныи', 'регионеиконка', 'сферебудущии', 'отделениикакии', 'регионтелек', 'ситистроиэкспо', 'регионализация', 'участкаправа', 'областиумныи', 'регионыкомиссия', 'регионовдальнии', 'регионахдальнии', 'участокнижнии', 'региона', 'отделениичтыи', 'онлаинкоммерция', 'сопутствующеи', 'помещениеотдел', 'посредственныи', 'отделениичатыи', 'регионовсумма', 'регионсклад', 'въездатранзит', 'интерстроиэкспо', 'отделениига', 'конъюнктурныи', 'спускоподъмныи', 'подразделение', 'регионвид', 'регионывыбрать', 'декомпозиция', 'регионах', 'размещении', 'общестанционныи', 'заведениечаевои', 'отдельностоящии', 'регион']"
12,Безопасность и охрана здоровья,12,"['итсотрудник', 'сотрудникаотчт', 'персоналаподбор', 'сотрудниковма', 'юфосотрудник', 'сотрудниковшаг', 'менеджеразамщик', 'лицработник', 'персоналаопрос', 'сотрудниковштат', 'сотрудникахдмс', 'персоналавыи', 'персоналаиль', 'заявкусотрудник', 'сотрудникамещ', 'сотрудниковнаш', 'сотрудниковещ', 'сотрудниковнас', 'сруководитель', 'сотрудниковва', 'сотрудниковот', 'персоналаопыт', 'сотрудников', 'персоналалюдить', 'годсотрудник', 'сотрудникамть', 'руководителеи', 'руководителеив', 'сотрудниковыи', 'замначальник', 'какруководитель', 'менеджеромести', 'тыссотрудник', 'местеменеджер', 'менеджерамести', 'сотрудникачтоба', 'сотрудниковтыс', 'персоналом', 'работеработник', 'рабочиерабочие', 'топменеджер', 'сотрудниковить', 'работника', 'итработодатель', 'специалист', 'менеджерпомочь', 'замгендиректор', 'персонала', 'клиентсотрудник', 'тработодатель']"
13,Экологический менеджмент,13,"['производствався', 'производство', 'производства', 'годудлить', 'годуежегодно', 'цемзавод', 'фабрикация', 'заводапуск', 'производствадыи', 'завод', 'годчтоба', 'горнозаводск', 'заводао', 'завода', 'годапровести', 'етзавод', 'добыча', 'льнокомбинат', 'годадлить', 'ежегодноболее', 'годавыпустить', 'производить', 'спгзавод', 'производствотыс', 'метзавод', 'хлебозавод', 'ежегодно', 'уроженец', 'урожаиность', 'заводавнука', 'произрастать', 'годуть', 'годомобеспечить', 'выращивание', 'произрастание', 'выращиваться', 'прорастание', 'годарежим', 'растить', 'годболее', 'годумилить', 'продукциидать', 'году', 'выращивать', 'продуктать', 'месяцевдлить', 'урожаи', 'годупополнение', 'зарастание', 'годавыход']"
14,Отчетность и прозрачность,14,"['заявкуподписать', 'регистрировать', 'регистрациюкак', 'заявкузаполнить', 'заявкуоставить', 'регистрациикак', 'регистрациякак', 'заявкупозвонить', 'заявкеможныи', 'заявкуотправить', 'дописывать', 'заявкуполучить', 'ссылкезаполнить', 'заявкаоформить', 'заявкувыбирать', 'регистрациячтыи', 'заявкувыбрать', 'заявкуоформить', 'заявкудлить', 'отписываться', 'регистрациичтыи', 'подписать', 'заявкухотеть', 'заявкурасчт', 'регистрациивыи', 'заявкиотправить', 'заявкуподать', 'заявкеполучить', 'отписаться', 'почтуоформить', 'регистрациикака', 'размещать', 'заявкуподробныи', 'выподписывать', 'заявкуввести', 'почтеть', 'заявкамдлить', 'переподписать', 'втбподписывать', 'заявкунуть', 'регистрацииу', 'почтузаполнить', 'оформитьправить', 'адресввести', 'заявкунеснижать', 'адресуправлять', 'заявителять', 'расписать', 'заявить', 'рассылаться']"
15,Отчетность и прозрачность,15,"['шлифовщик', 'штангенциркуль', 'шпатлвка', 'подшлифовка', 'ленточнопильныи', 'размешиватель', 'шпонка', 'резюмепрактик', 'шлифмашин', 'штабелировщик', 'шнекороторныи', 'напорныетруба', 'скребок', 'плоттеркаттер', 'шлифшкурка', 'кранштабелера', 'фольгопрокатныи', 'прсююмбик', 'цоколь', 'валкомпм', 'бруплощадка', 'оловодобыча', 'топлякоподъмник', 'круглоотрезныи', 'шпиндельныи', 'штрипсылента', 'кромкогибочныи', 'штабель', 'щткодержатель', 'мчкпплощадка', 'ватсчерез', 'штамповоккаток', 'мелталькстечь', 'скребковыи', 'штокверк', 'штамповкикатка', 'втбкопилка', 'шлифовка', 'резник', 'стфккамаз', 'штабелирование', 'шпиль', 'проволокоис', 'соэкструзионныи', 'шлифование', 'картельготныи', 'шлифматериал', 'пилкишлицовка', 'резьбошлифовщик', 'шпон']"
16,Отчетность и прозрачность,16,"['лукоилнефтехим', 'алюмохлоридныи', 'водополимерныи', 'литииполимерныи', 'водометанольныи', 'галогенангидрид', 'диэтиленгликоль', 'хлоридномагниев', 'кислотаолеум', 'полиэтиленимин', 'тулагипрохим', 'нитроцеллюлоза', 'свинцовокислыи', 'перхлорэтилен', 'бутилфенол', 'полимеровоз', 'полихимгруппа', 'изопропанол', 'кварцсульфидныи', 'полиарилсульфон', 'полимертех', 'полимеризациять', 'алюмощелочнои', 'полимертепло', 'поливинилхлорид', 'твердаякислород', 'онлаинплаформ', 'титанполимер', 'полиоксихлорид', 'полистирол', 'поликапроамид', 'поливинилацетат', 'жидкиидиоксид', 'полиолефиныооо', 'сополимерныи', 'тэтиленгликоль', 'онлаинклиент', 'химиколсныи', 'пенополиуретан', 'онлаинретеил', 'алюмоцинкование', 'томскнефтехим', 'полианионныи', 'онлаинчерез', 'циановодород', 'полимерныи', 'гомополимер', 'полимеровэкомяч', 'полиизоцианат', 'этиленгликоль']"
17,Отчетность и прозрачность,17,"['акционеровкакии', 'акционеровакция', 'акционеровучт', 'акцииположение', 'акционеровкак', 'акционераединыи', 'акцииэмиссия', 'акционерамобщии', 'акционеровдать', 'акционеровобщии', 'акционера', 'акционеровкогда', 'акционерыдлить', 'акционеровить', 'акцииакция', 'акциивключать', 'акционеровкуда', 'акционеровва', 'акционераличныи', 'акционирование', 'акционеровотчт', 'акции', 'акционерысписка', 'акциичастыи', 'акцииа', 'акцииооо', 'акционерюрлицо', 'акционеровмн', 'инвестораличныи', 'акциив', 'акциидоля', 'акциисписок', 'акциина', 'акциипокупать', 'акционеров', 'акционеровма', 'акционероввтб', 'акционерамить', 'акцииз', 'акционеровпао', 'акцииич', 'акциямиакция', 'акциикакии', 'акционерамакция', 'акциямдивиденд', 'акционеровпакет', 'инвесторачасто', 'инвесторовсраза', 'инвесторамитеть', 'акцию']"
18,Отчетность и прозрачность,18,"['грузоперевозка', 'перевозкипомощь', 'сочиперевозка', 'перевозки', 'перевозка', 'грузоперевозчик', 'услугуперевозка', 'автоперевозка', 'перевозкимежда', 'имперевозка', 'перевозкиобщии', 'вывозкепогрузка', 'перевоз', 'транспортник', 'перевозок', 'транспортировка', 'грузовконтеинер', 'нефтеперевозка', 'багажаперевозка', 'перевозчик', 'вывозка', 'транспортедо', 'транспортасрок', 'ввозавывоз', 'вагонахзерновоз', 'транспортнои', 'ввозевывоз', 'авиаперевозка', 'транспортом', 'подвозка', 'развозка', 'транспорта', 'вывозазавоз', 'перевозкублок', 'транспорт', 'транспортрныи', 'транспортрщик', 'перевозить', 'ввозвывоз', 'транспортр', 'провоз', 'транспортныи', 'транспортвсе', 'транспортазаказ', 'грузовиза', 'автовывоз', 'автовоз', 'транспортсибур', 'вывоз', 'грузовваш']"
19,Отчетность и прозрачность,19,"['электропримник', 'автоподъмник', 'электропривод', 'сервопривод', 'автогудронатор', 'дизельгенератор', 'ороситель', 'акселератор', 'автозимник', 'фиткервс', 'агрегатор', 'слесарьэлектрик', 'топлякоподъмник', 'электроагрегат', 'электрослесарь', 'напорныетруба', 'квадроцикл', 'подъмниккран', 'втбкопилка', 'рфэлектромобиль', 'втбтопподборка', 'квадрокоптер', 'автоматобжимка', 'редуктор', 'слесариэлектрик', 'электроприбор', 'токарьуниверсал', 'гидроподъмник', 'электросчтчик', 'экскаваторщик', 'электромобиль', 'бортмеханик', 'рсбуаудитор', 'движитель', 'автоэлектрик', 'детонатор', 'электрополотр', 'машинокомплект', 'электромотор', 'эжектор', 'турбогенератор', 'бортник', 'примосдатчик', 'литератор', 'электрощтка', 'обмотчик', 'элдвигательамма', 'сепараторщик', 'экскаватор', 'электросварщик']"
20,Вода,20,"['водоочистке', 'водоочистныи', 'водооборотныи', 'водорастворимыи', 'водообеспечение', 'водопропускнои', 'водосберегающии', 'канализация', 'водопонижение', 'водоснабжение', 'водоснабженияи', 'водоснабжения', 'водоподъмныи', 'водооборот', 'водопотребитель', 'водопоглощение', 'водозаборныи', 'водопропуск', 'отходомкии', 'водосброс', 'вододефицитныи', 'отходамисвоить', 'водосборныи', 'водопотребление', 'водоосновныи', 'водоразборныи', 'водостоикость', 'водопотреб', 'канализаци', 'водовзводныи', 'водопримныи', 'водоохранныи', 'водоупорныи', 'водолечение', 'отходыотчтэтика', 'дегидрирование', 'водометанольныи', 'водовыпускнои', 'отходыработа', 'водоизмещение', 'водосточныи', 'отходовплощадка', 'водораспылить', 'водопримник', 'отходовва', 'водоотлив', 'водоотнимающии', 'загрязнить', 'водоплавающии', 'канализование']"
21,Профсоюзы и коллективные договоры,21,"['наработекакдом', 'работисходящии', 'работыввести', 'развитияработа', 'наработка', 'работыхотить', 'работераздать', 'работазапчасть', 'работеначать', 'инициативработа', 'эдоработа', 'проектавключать', 'работоснование', 'работаотвечать', 'работыполучение', 'работаясти', 'экструдирование', 'работадатель', 'проектародиться', 'доработка', 'скфработа', 'разрабатывание', 'приработка', 'работыпо', 'проектабланк', 'проектовстать', 'наниматьработа', 'работупрактика', 'темуработа', 'проработка', 'работыпериод', 'работыпроходить', 'работыкадровыи', 'работаемвыбор', 'работаетопция', 'проектывложить', 'работыпнпт', 'трудоустроить', 'проектного', 'оооработать', 'проектировочныи', 'реализовывать', 'работыдругии', 'работыкатегория', 'программыхотать', 'работыдеть', 'заданиюанкета', 'реализовываться', 'работаемести', 'заданиеплан']"
22,Налоги,22,"['нормативов', 'нормативнои', 'норматив', 'нормативныи', 'нормативтк', 'законодательныи', 'нормоконтроль', 'правонарушение', 'правомерность', 'нормировщик', 'неправомерность', 'законодательно', 'нормотворческии', 'законаобщии', 'законодатель', 'правилподача', 'нормализация', 'нормироваться', 'правопреемник', 'нормирование', 'правилкомитет', 'правоведение', 'коррупциикак', 'правопреемство', 'законность', 'криминализация', 'законао', 'регламент', 'незаконность', 'неправомерныи', 'дебиторамспособ', 'законас', 'законопослушныи', 'законовма', 'нормандия', 'коррупциия', 'коррупцииести', 'вправе', 'правопорядок', 'законучто', 'коррупциизадача', 'противозаконныи', 'регулировочныи', 'регламентапри', 'правоотношение', 'коррупциичитать', 'коррупционныи', 'правилпорядок', 'правомерныи', 'нормировать']"
23,Отношения с работниками,23,"['конкурсовзабота', 'конкурсу', 'конкурсе', 'конкурс', 'конкурсать', 'конкурсаа', 'конкурсовгрант', 'конкурса', 'конкурсыкарьер', 'конкурсаввод', 'конкурсапыи', 'лауреат', 'конкурсант', 'победитель', 'конкурсшкола', 'конкурсашкола', 'конкурсноигров', 'премия', 'наградустудент', 'конкурсныи', 'победительотказ', 'награждение', 'турнирамемориал', 'наград', 'награждения', 'наградынаград', 'победительница', 'премиис', 'награда', 'наградамиуже', 'премию', 'премии', 'конкурентное', 'соревнование', 'победоносец', 'выиграть', 'награды', 'победы', 'победыг', 'наградыпо', 'итсоревнование', 'победыть', 'победа', 'наградылучшать', 'конкурент', 'победамидести', 'соревнованиипо', 'награднои', 'турнир', 'конкурентнои']"
24,Трудовые отношения,24,"['соавторство', 'упрощнныи', 'урезультат', 'приоритезация', 'привелегии', 'оотношение', 'приствольныи', 'оонуправление', 'выдачаприм', 'упрощнно', 'починочныи', 'ствсалда', 'сдержанно', 'вартсть', 'вкрешение', 'скрепочныи', 'втбзаявление', 'отсадочныи', 'ориентировочныи', 'дезсредство', 'обшежитие', 'сутьстрахование', 'сличительныи', 'развртывание', 'подопечнымиести', 'примочныи', 'совокупность', 'депонент', 'окладпремия', 'средствнастрыть', 'допонения', 'спускподъм', 'ориентировочно', 'подотчести', 'приусадебныи', 'проточныи', 'впередистоящии', 'преумножение', 'заболоченность', 'вэдновость', 'преумножить', 'возращение', 'участное', 'нацеленныхн', 'обртывание', 'соостветствие', 'затребование', 'аведента', 'безусловность', 'сущетвенныи']"
25,Профсоюзы и коллективные договоры,25,"['трудкрутпрофи', 'опытработа', 'профессионализм', 'специалист', 'умениеработать', 'профессионал', 'трудкрутюниор', 'трудолюбивыи', 'специалистовва', 'карьерыпострыть', 'непрофессионал', 'трудоустраивать', 'профессионально', 'специалистов', 'трудолюбие', 'трудиться', 'профессионаловс', 'трудоустроиться', 'специалистовдо', 'профориентация', 'квалифицировать', 'трудкрутстудент', 'работниковдлить', 'карьерапочии', 'специалисты', 'работника', 'работник', 'карьерыть', 'вакансииболее', 'шефствовать', 'работыработать', 'персоналалюдить', 'работеработник', 'трудоустроиство', 'квалификации', 'сотрудникать', 'специалистапо', 'заявкусотрудник', 'карьерногорост', 'квалификациима', 'карьерныи', 'умапрофессия', 'сотрудниковить', 'сотрудникачтоба', 'самозанятостис', 'персоналаиль', 'карьеры', 'специальность', 'стажировка', 'экспертовработа']"
26,Газ,26,"['нефтегазпромтех', 'нефтегазоносныи', 'нефтегазоноснои', 'нефтепромысел', 'рнуватнефтегаз', 'нефтепромхии', 'нефтегаз', 'нефтегазвыи', 'устькутнефтегаз', 'нефтегазодобыча', 'нефтегазодобычи', 'бурнефтегаз', 'нефтепромлизинг', 'газпромнефтьга', 'газлифтныи', 'нефтехранилище', 'нефтегазовыи', 'сургутнефтегаз', 'востсибнефтегаз', 'нефтеперегонка', 'газпромнефть', 'нефтепродукто', 'тюменнефтегаз', 'нефтеналивнои', 'нефтегазопровод', 'нефтегазсервис', 'нефтепромбанккб', 'нефтехимиис', 'нефтеразведка', 'севкомнефтегаз', 'роснефтегаз', 'нефтебазамна', 'нефтеотдача', 'нефтеразлив', 'газпромнефтьдо', 'нефтеконденсат', 'нефтехимиять', 'нефтедобычныи', 'нефтедобыча', 'нефтеналив', 'газоснабжающии', 'нефтегазо', 'нефтедобытчик', 'газопромысловыи', 'газотопливныи', 'нефтехимиикурс', 'газыжидкии', 'нефтьооо', 'нефтьоыи', 'газоснабжение']"
27,Экологический менеджмент,27,"['экологическии', 'экологически', 'экологииао', 'экологии', 'экология', 'экологичность', 'экологизация', 'эколог', 'кбэкологическии', 'экологиянаш', 'экологиить', 'экологичныи', 'экологизировать', 'экологияцель', 'природоохранныи', 'агроэкология', 'экологист', 'экосреда', 'экозона', 'экосообщество', 'экотропа', 'экосистемуболее', 'экосистемно', 'экосистеме', 'окружающеисреда', 'экосистем', 'экосфера', 'экокультура', 'экосистемысво', 'природозащитныи', 'экобалта', 'экоактивист', 'экотребование', 'экосистема', 'экотехнологиях', 'экотехнология', 'экосистемам', 'экосистемытовар', 'экобросок', 'экорегион', 'экосознание', 'экосистемныи', 'экоцентр', 'окружающеи', 'экообразование', 'экобезопасность', 'экотуризм', 'нлмкэкология', 'средыпремия', 'экопарк']"
28,Безопасность и охрана здоровья,28,"['данныхсообщить', 'поинформация', 'уинформация', 'втбсообщить', 'заявкуподписать', 'данныеподписать', 'заявлениеоферт', 'информациядоля', 'информирование', 'информациядать', 'смсуведомление', 'информацииотчт', 'заявкуподробныи', 'информирова', 'информацть', 'уведомленииотчт', 'информациидат', 'данныхзапрос', 'сообщитьнаш', 'информацииоб', 'сведенияраздел', 'информациякак', 'информациядлить', 'информированныи', 'информацияпуть', 'информациоонои', 'внесписочныи', 'информациио', 'информировать', 'информациикак', 'сеичасподписать', 'заявкивыяснить', 'заявлениедля', 'заявкуоформить', 'заявкаоформить', 'информациять', 'информацияпо', 'информациивыи', 'информ', 'информациеиещ', 'информациюдлить', 'информациидоля', 'информациина', 'втбподписать', 'заявлениеанкет', 'втбпаозаявление', 'информацииот', 'сообщениеотчт', 'ссылкеоформить', 'ообщаета']"
29,Отношения с работниками,29,"['соцкультбыт', 'годадеиствовать', 'волонтерство', 'получитьлично', 'добровольность', 'поучаствовать', 'селосвежии', 'простоработать', 'областьд', 'трудая', 'получитьдлить', 'трудиться', 'область', 'лагерь', 'участиядлить', 'стажироваться', 'негодность', 'успехадлить', 'способствовать', 'годуучастник', 'годстрахование', 'село', 'добровольнуть', 'заимствовать', 'смелость', 'участии', 'коллективомть', 'городподходить', 'затруднение', 'лишьдеиствовать', 'нерезидент', 'годсотрудник', 'умениеработать', 'неполучение', 'конкурсстоять', 'неспособность', 'льгота', 'затруднять', 'благополучатель', 'трудапереть', 'учувствовать', 'продвигать', 'ветеранучастник', 'участвовать', 'сопутствовать', 'волонтеров', 'волонтерылидер', 'областьмать', 'неспешно', 'ютсяучаствовать']"
30,Отношения с потребителями,30,"['услугудосрочныи', 'услугуподписать', 'услугамзадать', 'услугупомощь', 'услугувыдача', 'услугувалютныи', 'услугуоставить', 'услугподключить', 'сервисапродажа', 'сервисыраздел', 'услугвыполнение', 'услугполучить', 'услугпомочь', 'услугкомиссия', 'сервисоввыбрать', 'услугунаправить', 'сервисапри', 'услугизакупать', 'услугоипозвонит', 'сервисеещыи', 'услугполныи', 'обслуживаниемво', 'сервисыучастник', 'услугуотправить', 'услугобладать', 'услугпереть', 'услугумныи', 'услугумкб', 'сервисыкешбэк', 'сервисоплатить', 'услугучитывать', 'услугкак', 'заявкууслуга', 'услугпо', 'сервисаосновныи', 'услугдата', 'обслуживаниесчт', 'сервисахкаким', 'обслуживаниидат', 'сервисплатежныи', 'услугуфиксация', 'сервисахбыть', 'услугиперевести', 'сервисыумныи', 'услуга', 'услугименючтыи', 'сервисаостаться', 'абонентомможныи', 'услугперевод', 'услугввести']"
31,Инновации,31,"['заявкупродавать', 'сделкиинострать', 'закупкидоговор', 'сделкуть', 'заявкупоказать', 'сделкутереть', 'сделкузаявка', 'сделкизаявка', 'сделкидеть', 'заявкаоформить', 'заявкуоформить', 'договоракака', 'заявкуположение', 'заявкуовердрафт', 'заявкаанкета', 'заявкудлить', 'сделкидо', 'заявкучто', 'торгить', 'сделка', 'сделкун', 'сделкирешение', 'сделкаа', 'сделкуполучить', 'заявкучтоба', 'сделкуподписать', 'заявкуподать', 'сделкисрок', 'договорууступка', 'дарениядоговор', 'заявкуповторно', 'сделкаоформить', 'заявкучерез', 'заявкуставка', 'договоромть', 'сделкамдоговор', 'сделкия', 'сделкиавто', 'заявкувыбрать', 'заявкуоператор', 'сделкус', 'заявкурасчт', 'закупокдлить', 'заявкува', 'сделкуподрядчик', 'договорчто', 'заявкун', 'заявитель', 'заявка', 'заявкупродать']"
32,Газ,32,"['нефтьооо', 'бурнефтегаз', 'нефть', 'газпромнефтьга', 'нефтьоыи', 'газпромнефть', 'геозона', 'газостатическии', 'нефтегаз', 'экологизировать', 'туимазанефть', 'нефтея', 'нефтегазпромтех', 'сургутнефтегаз', 'биотопливо', 'экологизация', 'маслостанция', 'скважина', 'газпромнефтьдо', 'нефтепродукто', 'гидростанция', 'нефтегазвыи', 'роснефть', 'газоносность', 'нефтеотдача', 'эколог', 'ископаемое', 'экогород', 'нефтеюганск', 'месторождения', 'нефтепромысел', 'газапао', 'ископае', 'нефтиса', 'нефте', 'месторождении', 'рнуватнефтегаз', 'нефтеразведка', 'нефтепромхии', 'волганефть', 'нефтебаза', 'газоход', 'газпромавиага', 'нефтеразлив', 'геотрансгаз', 'востсибнефтегаз', 'нефтегазоносныи', 'газоотводящии', 'геолого', 'нефтехранилище']"
33,Газ,33,"['тэцпвс', 'кнрооо', 'сбпэиоферт', 'вкпб', 'пвхсжс', 'бткпукпг', 'сгмпооо', 'онлаинмкб', 'тдгпд', 'пвхсусмесь', 'аоцсб', 'нвэкпб', 'промтекооо', 'оооэтыи', 'олжетмд', 'атдбп', 'погашенияафк', 'суотпб', 'фпцпрнсб', 'ичнмкпп', 'бткпвертолтныи', 'рсбгпбба', 'сдооо', 'сооо', 'вткпвертолтныи', 'зпэцкпкз', 'саитаооо', 'пмкп', 'мчкпплощадка', 'сбпсбпприм', 'оооволгабилд', 'дбпвт', 'киржачооо', 'рбдиджиталооо', 'впц', 'рцпнг', 'зснхооо', 'ипкб', 'справкигпб', 'вкп', 'рсхбсписок', 'эшпвдп', 'атрооо', 'кзскооо', 'укпгкпп', 'авсвс', 'српд', 'оооволгатехноол', 'вткпвжп', 'кнпц']"
34,Газ,34,"['трубопрофильныи', 'трубодеталь', 'трубыпрофиль', 'трубопрокатныи', 'трубыфутляр', 'трубызаготовка', 'трубогибочныи', 'трубафутляр', 'труборезка', 'трубыбесшовныи', 'трубопровод', 'трубопроводов', 'трубызмеевик', 'трубкатвфхчервс', 'трубыпао', 'труборез', 'трубопласт', 'трубошпунт', 'трубопроводныи', 'трубмуфтовыи', 'трубфутляр', 'пласттрубмонтаж', 'трубецкои', 'трубыпэ', 'трубосварочныи', 'трубчатыи', 'трубкапереити', 'труба', 'трубицын', 'трубу', 'труболитеиныи', 'трубпвха', 'трубчевск', 'трубамультиклин', 'трубобетон', 'трубочныи', 'трубник', 'металлочерепица', 'газтрубпласт', 'сваркикалужскии', 'трубачв', 'прорубка', 'металлпластик', 'газтрубпластооо', 'трубочник', 'строитрубосталь', 'трубка', 'сваркагцтэб', 'газпромбанкас', 'трубавино']"
35,Инновации,35,"['основательность', 'средесоциальныи', 'целостность', 'развитиеновость', 'средысоциальныи', 'социальнотрудов', 'оставаться', 'цель', 'цели', 'ростастабильныи', 'надобность', 'экодеятельность', 'объективность', 'развитииновость', 'пративность', 'достоверность', 'компанииновость', 'уверенность', 'средасоциальныи', 'продуктивность', 'агрессивность', 'ассертивность', 'обеспечения', 'развитиеохрана', 'усиливаться', 'средусоциальныи', 'безопастность', 'развитияохрана', 'целость', 'удержаться', 'социальныедля', 'держаться', 'солидарность', 'стремиться', 'усилить', 'но', 'социализация', 'добиться', 'становление', 'ность', 'защитарастение', 'быть', 'верность', 'развитиепринцип', 'личность', 'себяинтеграция', 'инициативность', 'успех', 'развитию', 'настоичиво']"
36,Инновации,36,"['банковзакрыть', 'ликвидностьбанк', 'банковрезидент', 'банкуслуга', 'банканерезидент', 'банкесредство', 'банкеинформация', 'банкамрезидент', 'кредитамуслуга', 'банкприложение', 'банкаположение', 'банкдепозитарии', 'подробнеебанк', 'банкеболее', 'банкоматыпочта', 'банкподробныи', 'банкераскрытие', 'банкаприложение', 'банккакии', 'банкечитатьчтыи', 'ипотекубанк', 'банкболее', 'ипотекибанк', 'бизнесабанк', 'банкомоформить', 'бизнесбанк', 'кредитабанк', 'банксамозанять', 'большебанк', 'бизнесубанк', 'банкирезидент', 'банкефункция', 'банкомзаказать', 'кредитбанк', 'банкереквизит', 'банкевыявление', 'банкоматед', 'банкмечта', 'банкаподробныи', 'вексельбанк', 'юникредитбанк', 'втбновостибанк', 'банкекакии', 'банкеоткрытие', 'банковсделка', 'банкомдат', 'банкефинансовыи', 'банкебыть', 'банкувладелец', 'банкебанк']"
37,Эффективность и производительность,37,"['директорао', 'директор', 'директорат', 'директораот', 'какруководитель', 'руководителеи', 'директоразбукин', 'руководителямо', 'руководитель', 'директоро', 'сруководитель', 'руководителеив', 'директоровсовет', 'замгендиректор', 'советадиректор', 'директоровпо', 'директорачитать', 'директоровесть', 'советдиректор', 'откликдиректор', 'директоровдат', 'вицедиректор', 'директоровпао', 'замруководитель', 'директоровкак', 'директоровлента', 'директоровва', 'директоров', 'директоровобщии', 'директоровроть', 'гендиректор', 'итдиректор', 'директормыцык', 'директоровустав', 'замдиректора', 'менеджерпомочь', 'менеджераза', 'маяруководитель', 'топруководитель', 'менеджерасрок', 'директоровсд', 'директоровчлен', 'менеджерамести', 'директоровсми', 'менеджеразамщик', 'менеджерум', 'директоровлица', 'директорепроект', 'менеджерчтыи', 'директорчуркин']"
38,Эффективность и производительность,38,"['мвидеоэльдорадо', 'супермаркетв', 'газпромбанкадо', 'калугезавод', 'газпромбанкекак', 'производство', 'супермаркетыкак', 'производствався', 'супермаркетыи', 'уралмашзавод', 'золотодобытчик', 'производить', 'годгазпромбанк', 'дистрибьюторвич', 'газпромбанкео', 'призаводскои', 'закупкипао', 'супермаркет', 'газпромбанкаи', 'онлаинторговля', 'ванадзорхимпром', 'уралвагонзавод', 'ростелекомурал', 'газпромбанкать', 'вурнарскиизавод', 'брокеракака', 'гмосквазакупка', 'обанкротиться', 'минпромторгом', 'смартфонначнуть', 'белгазпромбанк', 'яндексмаркетдыи', 'газпромнефтьдо', 'гипермаркет', 'гофрозавод', 'етзавод', 'петрозаводскмаш', 'горнозаводск', 'золотопримныи', 'газпромбанкно', 'маркетахскачать', 'племзавод', 'онлаинпродавец', 'газпромбанка', 'рынкахинострать', 'моссельпром', 'спгзавод', 'нефтепромбанккб', 'микромаркет', 'артзавод']"
39,Газ,39,"['атомэнергопром', 'атомпроект', 'ядерщик', 'атомстрои', 'атомэнергосбыт', 'атомщик', 'атомтехэнерго', 'атомстроить', 'атомная', 'атомэнергомаш', 'атомтор', 'атомреверс', 'атомгарант', 'атомград', 'атомдатацентр', 'атомгагарин', 'атомрита', 'атомплан', 'атоммашевец', 'атомдата', 'ядернолучев', 'атомпланао', 'атомикхак', 'атомпарк', 'атомиады', 'ядернооружеиныи', 'атомиада', 'атом', 'атоммаш', 'атомныи', 'атоме', 'атомверсия', 'атомоход', 'атомкомплект', 'атомэкспо', 'атомносилов', 'ядерныи', 'атомов', 'атомрегион', 'атомариум', 'атомпланацс', 'атомиум', 'атомквиза', 'атомконтент', 'энергостроитель', 'росэнергоатома', 'атомфонд', 'атомкапитал', 'атоматическии', 'госатомнадзор']"
40,Профсоюзы и коллективные договоры,40,"['договорууступка', 'договорчто', 'договорукак', 'договоракакии', 'договору', 'договор', 'договорапереход', 'договоракаким', 'договора', 'договораобычно', 'договоруобъект', 'договордоговор', 'договорекак', 'договоробычно', 'договораести', 'договорастанить', 'договоракака', 'договораподать', 'договороставить', 'договоровдат', 'договоромть', 'договорбез', 'договорупо', 'договораудобныи', 'договорава', 'договораса', 'договоровединыи', 'договорадат', 'договорауезжать', 'соглашение', 'договораомс', 'соглашениемежда', 'договорад', 'договоромкто', 'договорв', 'договоречтыи', 'договорасумма', 'договорапуть', 'соглашениен', 'договорустать', 'контрактация', 'договорун', 'договорамть', 'договорепрь', 'договорразмер', 'договоромма', 'договордва', 'договорам', 'договоракто', 'договорапубла']"
41,Отношения с потребителями,41,"['втбсчетувыбрать', 'суммтребование', 'сниженыдыи', 'уменьшаемаять', 'преувеличении', 'ггвыполнение', 'перевыполнение', 'навыполнение', 'упрочнение', 'преувеличение', 'превышенв', 'уранплутониевыи', 'рфснижение', 'средствснижение', 'превышение', 'понижение', 'дозаполнение', 'квотируемыи', 'пролонгациякром', 'непревышение', 'выдачиупрощить', 'погашенииниже', 'большедосрочныи', 'деагломерация', 'упрощнныи', 'занижение', 'переполнение', 'внеплощадочныи', 'обесценивать', 'спускоподъмныи', 'доходностьдлить', 'допусковои', 'снижение', 'сокращенныи', 'счетпродолжить', 'суммыминимум', 'уменьшение', 'прорезиненныи', 'чеквыше', 'обращениивыпуск', 'ипотекасоздать', 'завышение', 'снизиться', 'втбсчетдлить', 'вычетынуть', 'предвыпускнои', 'размещенадлить', 'сбпвыбрать', 'неразмещнныи', 'эмитентомрасход']"
42,Отношения с потребителями,42,"['компаниятеть', 'компании', 'компанииоснова', 'компаниямстатья', 'компаниямиотдел', 'компанииправить', 'компания', 'компаниядвоиник', 'предприятия', 'компанияс', 'компаниюэмитент', 'предприятиедля', 'компаниямис', 'компанииакция', 'бизнесакомпания', 'предприятиями', 'компаниичитать', 'компанияооо', 'компаниюработа', 'компаниипо', 'компаниим', 'предприятиять', 'компанияполныи', 'компанияпочесть', 'компаниямма', 'компаниявоити', 'компанииуказать', 'компаниис', 'компанияклиент', 'бизнесгрантовыи', 'компаниями', 'компаниимиссия', 'компаниямидлить', 'компаниипорядка', 'фирма', 'компанииэмитент', 'компаниима', 'бизнесединыи', 'компаниисеть', 'бизнесаоблачныи', 'предприятие', 'бизнесавоити', 'компаниио', 'бизнесавэдприм', 'компаниилауреат', 'бизнесасвое', 'бизнесклиент', 'бизнесарасчт', 'компаниисделка', 'бизнессправка']"
43,Отношения с потребителями,43,"['соломеиныи', 'егрипегрюла', 'овощехранилище', 'овощефруктовыи', 'молочнотоварныи', 'гофролоток', 'гофролотков', 'ларбаурким', 'сливочнопряныи', 'ясныиприм', 'семядоля', 'канареечник', 'силикатныи', 'мелколепестник', 'злектрошоковыи', 'синапурскии', 'пшеничнозолоть', 'шлакообразующии', 'опочинина', 'первозасельник', 'токопримник', 'почечуиныи', 'псмородина', 'мчкпплощадка', 'шлакощелочнои', 'сухомясов', 'желеиныи', 'буфетнокухонныи', 'ынахсытыи', 'сортымскнефть', 'смородина', 'сваезабивочныи', 'супоросныи', 'опалихасити', 'ркоспециальныи', 'мукомольныи', 'краунэфир', 'пастушии', 'лобазовыи', 'сеилссолюшныи', 'слюдянка', 'буксирныи', 'перепелиныи', 'обезжиренныи', 'морошечныи', 'атсотмесномер', 'можжевельник', 'фрунзеоловянка', 'филеиныи', 'топинамбур']"
44,Дивиденды и акционеры,44,"['счетдокумент', 'счетедокумент', 'документахдат', 'документовдлить', 'рфдокумент', 'документаотчт', 'документести', 'документапо', 'документовустав', 'юрлицдокумент', 'справокдокумент', 'ипдокумент', 'документациивыи', 'ооодокумент', 'документуести', 'документовчтыи', 'документациина', 'документамбез', 'документация', 'документа', 'документации', 'документовва', 'документацииещ', 'документысписка', 'документов', 'документамкто', 'документально', 'документ', 'ркодокумент', 'документовкак', 'документовпао', 'счетадокумент', 'документооборот', 'документовма', 'лицамидокумент', 'документавид', 'документфаил', 'документпомять', 'брокерадокумент', 'документарныи', 'данныхдокумент', 'документадат', 'надодокумент', 'документоввоити', 'документаыи', 'онлаиндокумент', 'документахдоп', 'документальныи', 'документе', 'документаа']"
45,Дивиденды и акционеры,45,"['обществозабота', 'компаниядвоиник', 'обществааудитор', 'компанияпочесть', 'социальнотрудов', 'компанияполныи', 'компаниилауреат', 'обществвладелец', 'компанииправить', 'компаниямстатья', 'компаниимиссия', 'компанииакция', 'обществама', 'заявкусотрудник', 'компанииновость', 'обществаправо', 'компаниюработа', 'предприятия', 'компаниюэмитент', 'компания', 'компаниямиотдел', 'обществаучастие', 'обществаво', 'обществом', 'общества', 'сотрудникаотчт', 'сотрудниковшаг', 'обществог', 'компаниятеть', 'лицазаместитель', 'компании', 'обществать', 'обществах', 'обществапомощь', 'компанииоснова', 'общество', 'обществоу', 'пбобщество', 'обществоотчт', 'компанияклиент', 'обществаналог', 'обществакакии', 'сдобщество', 'сотрудниковштат', 'корпоратившлк', 'обществеть', 'сотрудникидлить', 'коллегсотрудник', 'компаниялидер', 'компаниявоити']"
46,Антикоррупция,46,"['лицодлить', 'лицотребование', 'лицода', 'лицосамозанять', 'лицазаявление', 'лицавладелец', 'лицоакция', 'лицапогашение', 'лицпоследствие', 'лицо', 'лицаоформить', 'личнопереть', 'личностно', 'личнодата', 'лицаюридическии', 'лицполучить', 'лицснятие', 'лицможныи', 'лицзаключение', 'лицамиправить', 'лицперевести', 'конфиденциально', 'лицдлить', 'лицамибез', 'лицзаявление', 'лицсозыв', 'лицправило', 'личностьвыбрать', 'лицупаспорт', 'лицсущественныи', 'лицнуть', 'лицнерезидент', 'лицамнерезидент', 'персоналалюдить', 'лицусловие', 'лицамидать', 'личноподать', 'лицэмиссионныи', 'лица', 'лицамиполучить', 'лицамирезидент', 'лицрезидент', 'лицабез', 'лицакак', 'лицовердрафт', 'лицава', 'правонарушение', 'лицпроведение', 'лицообщество', 'лицкража']"
47,Антикоррупция,47,"['управлениеакция', 'управляющимести', 'управлениеустав', 'управление', 'контрольаудит', 'управляемость', 'управленииооо', 'управленияпо', 'управления', 'управлениягодов', 'управлениео', 'управлениячтыи', 'управленияи', 'управлениять', 'управляиновыи', 'управлениеобщии', 'управлениякак', 'средствконтроль', 'управлениядат', 'управлении', 'управлениидо', 'управленческии', 'управленец', 'управлятьвопрос', 'контролякомитет', 'управленияобщии', 'управляемыи', 'контролязона', 'контролемперд', 'контрольвоити', 'управлениян', 'контролемоб', 'подконтрольныи', 'управленияс', 'госконтроль', 'контролюкакии', 'управлятьва', 'контроля', 'контроляперевод', 'контролядата', 'управленияафк', 'управленияхомут', 'управлениюрохья', 'контроляз', 'контроляпорядок', 'этомконтроль', 'бизнесконтроль', 'итнаправление', 'таимменеджмент', 'управлятькакии']"
48,Отношения с потребителями,48,"['ростелеком', 'ростелекомом', 'ростелекомцод', 'ростелекома', 'ростелекомсолар', 'интернетсвязь', 'интернетуслуга', 'связьинтернет', 'интернетмодем', 'связиинтернет', 'интернеткома', 'телефонслужба', 'филиалателефон', 'телеинтернет', 'офисинтернет', 'связькома', 'интернетекарта', 'тарифкак', 'телекомкомпания', 'телекомуслуга', 'роумингекаком', 'тарифподключить', 'интернетабыстро', 'телекомоператор', 'мегафон', 'сеть', 'связироуминг', 'интернетароутер', 'софтмерчмодем', 'сетиканал', 'тарифомть', 'тарифкакии', 'связьтариф', 'маршрутизатор', 'узбектелеком', 'сетивыделить', 'тарифовуслуга', 'связькарта', 'сетьпокупать', 'тариф', 'услугкарта', 'роуминг', 'интернетадрес', 'тарифчто', 'интернетеможныи', 'телеграмеканал', 'сети', 'мтс', 'интернетакак', 'тарифахкак']"
49,Инновации,49,"['паспортзаявка', 'паспортпогасить', 'паспортомдат', 'оформитьсписка', 'доверенность', 'паспорт', 'паспортаулица', 'паспортепо', 'документыбанк', 'доверенностьва', 'паспортполучить', 'паспортизация', 'паспортувыдача', 'тарифакомиссия', 'брокерадокумент', 'паспортень', 'доверенностид', 'паспортпереть', 'паспортубез', 'паспорткак', 'паспортпоказать', 'банкрегистрация', 'оформитьподать', 'нотариусакака', 'лицамидокумент', 'банкадокумент', 'нотариус', 'тарифакака', 'паспортрежим', 'оформитьправить', 'документысписка', 'паспортдлить', 'паспортаэта', 'оформиться', 'паспортуипотека', 'банкаоформление', 'документовкак', 'оформить', 'оформитьпомощь', 'счетдокумент', 'нотариусадлить', 'счетадокумент', 'оформлять', 'паспортсрок', 'счетедокумент', 'удостоверение', 'оформитьрасчт', 'паспортудобныи', 'регистрациякак', 'оформия']"
50,Экологический менеджмент,50,"['производствотыс', 'производство', 'производства', 'производствадыи', 'производствався', 'изготовление', 'производств', 'продукцияработа', 'производствва', 'зожпродукция', 'продукциинавыка', 'продукциюрф', 'продукциюпо', 'продукциить', 'продукцииести', 'продукциис', 'продукция', 'продукции', 'сппроизводство', 'продукциякака', 'продукционныи', 'продукциима', 'продукциидать', 'производствитог', 'тпродукция', 'продукциирост', 'фабрикация', 'репродукция', 'продуктиль', 'продуктивныи', 'цбппродукция', 'производить', 'производителеи', 'акбизготовление', 'производителями', 'продукцияметить', 'ооообработка', 'твпроизводство', 'продукциягибкии', 'продуктопровод', 'производитель', 'продукциимарка', 'химпродукция', 'доработка', 'производстенныи', 'проработка', 'продуктыновости', 'товаровработа', 'впромышленность', 'воспроизводство']"
51,Отчетность и прозрачность,51,"['оборудованиедля', 'оборудование', 'оборудования', 'оборудованияпо', 'оборудовании', 'оборудованиян', 'дооборудование', 'итоборудование', 'оборудованиекак', 'оборудованияпир', 'аппаратурныи', 'оборудованияот', 'аппаратчик', 'приборыня', 'аппарат', 'элоборудование', 'приборов', 'аппаратчица', 'аппаратов', 'прибор', 'аппаратныи', 'медоборудование', 'приборостроения', 'оснащение', 'аппаратура', 'оргтехника', 'приборсервис', 'приборостроение', 'техникиофисныи', 'доргтехник', 'приспособление', 'машинокомплект', 'приборныи', 'спецтехника', 'механизмлатунь', 'оснащать', 'дртехническии', 'сепараторщик', 'техникиса', 'спецтехник', 'сельхозтехника', 'медтехника', 'спецавтотехник', 'техникичтоба', 'комплектэнерго', 'техникина', 'инструмент', 'техникибережныи', 'всетоварыуслуга', 'стмтехник']"
52,Инновации,52,"['технологическои', 'отехнология', 'технологическии', 'технологически', 'технологические', 'технзадание', 'инженертехнолог', 'ултехническии', 'иттехнология', 'общетехническии', 'технологичность', 'технологич', 'технология', 'технологичныи', 'лтнотехническии', 'итехническии', 'неиротехнология', 'технологичскии', 'техэксперт', 'технолога', 'неиротехнологии', 'технологиями', 'технологиях', 'асботехническии', 'технологииооо', 'техзадание', 'технологии', 'технолог', 'технологиям', 'технологов', 'технологиима', 'техникиофисныи', 'техническаятар', 'техникиса', 'техпроцесс', 'технологиинаш', 'видетехническии', 'техникина', 'оргтехника', 'техники', 'техникоиооо', 'техническиикфк', 'техника', 'техниче', 'техникибережныи', 'технамид', 'технологичнскии', 'спецавтотехник', 'технорабочии', 'техникия']"
53,Инновации,53,"['картуоплатить', 'картубесплатно', 'картубесплатныи', 'картабесплатныи', 'картыбанк', 'картызаполнить', 'картабанковскии', 'картыбесплатно', 'картызарплатныи', 'картупополнить', 'картузарплатныи', 'картыбесплатныи', 'картызарплата', 'картузаполнить', 'картуполучить', 'картбесплатно', 'картамкредитныи', 'банккарта', 'картбесплатныи', 'картукак', 'картазаполнить', 'картывыписка', 'оплаткарта', 'картызаказать', 'картырассрочка', 'картуполучать', 'банкакарта', 'картыкак', 'картыальфакарта', 'картукарта', 'картыкарта', 'картывыбрать', 'картуподать', 'картумоскарта', 'картузабрать', 'картыпополнять', 'картыпогашение', 'картыипотека', 'кредиткарта', 'картысоциальныи', 'картуэкономить', 'картакарта', 'картудоставить', 'картустать', 'картыуслуга', 'втбонлаинбанк', 'картывыгодныи', 'кредитакартывсе', 'картууже', 'счетакарта']"
54,Налоги,54,"['дивидендахть', 'дивидендовкак', 'пенсиивыплата', 'налогивключить', 'периоддивиденд', 'дивидендыгода', 'дивидендовдат', 'дивидендыть', 'дивидендыыи', 'дивидендныи', 'налогпереть', 'дивидендах', 'налогаснуть', 'дивиденд', 'налогався', 'пенсияподать', 'налогабез', 'дивидендовва', 'вкладоввыплата', 'налогауправлять', 'налогисравнение', 'выплатыпо', 'депозитавыплата', 'выплатыполучить', 'налогбыть', 'дивиденды', 'налоговвыберит', 'налогомд', 'доходграндвклад', 'пенсииполучить', 'налоговкомиссия', 'выплатыполучать', 'налоговоикак', 'налогафнс', 'налогизаплатить', 'налогисбор', 'доходвклад', 'взносамуплата', 'налогамфнс', 'налоганета', 'налогналог', 'налогть', 'налогообложение', 'налог', 'налогана', 'взносаипотечныи', 'налогести', 'депозитаснятие', 'акциямдивиденд', 'пенсиивыписка']"
55,Отходы,55,"['ремонтник', 'ремонтвоити', 'ремонта', 'ремонтускидка', 'ремонт', 'ремонтировать', 'ремонтныи', 'ремонтироваться', 'замыканияремонт', 'ремонтуводитель', 'плунжерремонт', 'главмосремонт', 'стмремонт', 'ремонтапочему', 'ремонтбесплатно', 'домнаремонт', 'капремонт', 'газремонт', 'проверкиремонт', 'кладкеремонт', 'камэнергоремонт', 'реконструкция', 'отремонтировать', 'торемонт', 'монт', 'энергоремонт', 'электроремонт', 'ремонтпокупка', 'работымонтаж', 'перемонтаж', 'демонтажумонтаж', 'судоремонт', 'вагоноремонт', 'смонтирована', 'гэсремонт', 'строипромсервис', 'внутриремонтныи', 'реставрационныи', 'смонтировать', 'лентурборемонт', 'монтировать', 'улмонтажник', 'нефтереммонтаж', 'строиплощадка', 'промстроимонтаж', 'монтажникакакии', 'услугуфиксация', 'реставрация', 'строиуслуга', 'монтажник']"
56,Безопасность продукта,56,"['годфинансовыи', 'годафинансовыи', 'годуфинансовыи', 'финансовыи', 'годомобеспечить', 'годуежегодно', 'финансово', 'финансахфинанс', 'финансированиюв', 'годовыхпроцент', 'месяцевзалог', 'рсбуфинансовыи', 'годовыхкредить', 'средафинансовыи', 'финансыэкономик', 'месяцзачисление', 'доходыубыток', 'годовыхвклад', 'годовыхупрощнно', 'финансовсервис', 'доходовубыток', 'финансо', 'годовыхполучать', 'нефинансовыи', 'софинансировать', 'прибыльубыток', 'финансирование', 'годасократить', 'сбфинанс', 'фактыежегодно', 'финансированиен', 'ефинансирование', 'финансамидо', 'фссежегодныи', 'годакредитныи', 'гфинансовыи', 'финанссообщение', 'финансист', 'результатыгод', 'годовыхтариф', 'ежегоднаяинфция', 'финанслов', 'доходсрок', 'годаакционерныи', 'годомпочта', 'месяцбаланс', 'финанс', 'нефинансист', 'финансыключевои', 'годупополнение']"
57,Обучение и развитие,57,"['обучениязабота', 'обучениедля', 'обучениявысокии', 'образованиекурс', 'обученияболее', 'обученияс', 'учебнокурсовыи', 'учебнонаучныи', 'обучениеу', 'обучающихсян', 'обучение', 'обучающихся', 'образованиедля', 'обучениеи', 'обучения', 'обучениятренинг', 'обучаемость', 'обучениюи', 'образованиеот', 'профучастник', 'себеобучение', 'учир', 'образованиен', 'тдподготовка', 'учебнонаглядныи', 'образование', 'годувыпускник', 'образованиеыи', 'образованиима', 'студентамработа', 'учебныи', 'васподготовка', 'обучаться', 'тренинговыи', 'самообучение', 'обучать', 'вузамиработа', 'гчпподготовка', 'самоучитель', 'обученность', 'переподготовка', 'самоподготовка', 'учбольшии', 'выпускникамма', 'тренинг', 'техучилищеост', 'образования', 'образованиеопыт', 'преподавание', 'курсакомиссия']"
58,Лидерство,58,"['авиаперевозчик', 'авиазаправочныи', 'авиаперевозка', 'пассажира', 'авиакомпаниить', 'пассажир', 'авиаучт', 'пассажирамменю', 'пассажиров', 'авиакомпания', 'авиатранспорт', 'пассажировчтыи', 'пассажирамменюн', 'авиация', 'пассажирка', 'авиасалон', 'аэропортупереть', 'авиабилет', 'багажаперевозка', 'пассажирах', 'авианакладная', 'авиакасса', 'авиадоставка', 'авиа', 'авиаперелт', 'пассажиропоток', 'пассажирами', 'пассажирамныи', 'авиакомпаниина', 'авиахолдинг', 'авиапредприятие', 'пассажирам', 'авиагрузовои', 'пассажирооборот', 'авиаклин', 'аэропортуть', 'аэропорту', 'пассажирамипао', 'авиатик', 'авиаотряд', 'авиадеталь', 'авиатехпримка', 'авиамеханик', 'авиасервис', 'аэропортупомощь', 'авиаузел', 'аэропорт', 'самолетакак', 'самолетаменюкак', 'пассажирумедик']"
59,Энергия,59,"['энергодефицит', 'энергосбытовыи', 'энергоснабжение', 'электроэнергии', 'энергозатратныи', 'энергозатраты', 'энергоресурсов', 'энергострои', 'энергогенерация', 'энергосбыт', 'энергорынку', 'энерготреидинг', 'энергонапрячь', 'энергоресурсы', 'энергоустановка', 'энергохозяиство', 'энергосеть', 'энергообъект', 'энергиюосновныи', 'энергорынок', 'энергоаудит', 'энергомкость', 'электроэнергия', 'энергослужба', 'энергои', 'энерготехника', 'энергопринимать', 'энергоюг', 'энергосбереже', 'энергомкии', 'энергоэффектив', 'энергиивыброс', 'энергоноситель', 'энергоцех', 'энергиятепловыи', 'энергоавтотранс', 'энергокомплекс', 'энергиюуважать', 'энергетике', 'энергопереход', 'энергосиловои', 'энергогарант', 'энергосервисныи', 'энергиюв', 'росэнергоатом', 'энергомера', 'энергетическои', 'энергохолдинг', 'энергоремонтныи', 'энергиик']"
